name,description,category,primary_muscle,secondary_muscle,tertiary_muscle,equipment_needed,difficulty_level,instructions
"Barbell Bench Press","Classic compound chest exercise performed lying on a bench","Free Weight","Middle Chest","Triceps","Front Deltoids","Barbell, Bench","Intermediate","Lie on bench, grip barbell slightly wider than shoulders, lower to chest, press up"
"Barbell Squat","Fundamental compound lower body exercise","Free Weight","Quadriceps","Glutes","Hamstrings","Barbell, Squat Rack","Intermediate","Place barbell on upper back, squat down keeping chest up, drive through heels to stand"
"Conventional Deadlift","Hip hinge movement lifting barbell from floor","Free Weight","Hamstrings","Glutes","Erector Spinae","Barbell","Advanced","Stand over bar, grip with hands outside legs, lift by extending hips and knees"
"Barbell Row","Bent-over rowing movement for back development","Free Weight","Latissimus Dorsi","Rhomboids","Rear Deltoids","Barbell","Intermediate","Bend over holding barbell, row to lower chest, squeeze shoulder blades"
"Overhead Press","Standing shoulder press with barbell","Free Weight","Front Deltoids","Triceps","Upper Abdominals","Barbell","Intermediate","Stand with barbell at shoulder level, press overhead, lower with control"
"Barbell Curl","Bicep isolation exercise","Free Weight","Biceps","Forearms","Brachialis","Barbell","Beginner","Stand holding barbell, curl up by flexing biceps, lower slowly"
"Close-Grip Bench Press","Tricep-focused bench press variation","Free Weight","Triceps","Middle Chest","Front Deltoids","Barbell, Bench","Intermediate","Lie on bench, grip barbell with hands close together, press up focusing on triceps"
"Barbell Hip Thrust","Glute-focused hip extension exercise","Free Weight","Glutes","Hamstrings","Upper Abdominals","Barbell, Bench","Intermediate","Sit against bench with barbell over hips, thrust hips up squeezing glutes"
"Romanian Deadlift","Hip hinge movement emphasizing hamstrings","Free Weight","Hamstrings","Glutes","Erector Spinae","Barbell","Intermediate","Hold barbell, hinge at hips lowering bar, return to standing"
"Front Squat","Squat variation with barbell held in front","Free Weight","Quadriceps","Upper Abdominals","Glutes","Barbell, Squat Rack","Advanced","Hold barbell at shoulder level, squat down keeping torso upright"
"Barbell Lunge","Single-leg exercise with barbell","Free Weight","Quadriceps","Glutes","Calves","Barbell","Intermediate","Step forward into lunge position, lower back knee, push back to start"
"Upright Row","Vertical pulling exercise for shoulders","Free Weight","Shoulders","Traps","Biceps","Barbell","Intermediate","Hold barbell close to body, pull up to chest level, lower slowly"
"Barbell Shrug","Trapezius isolation exercise","Free Weight","Traps","None","None","Barbell","Beginner","Hold barbell, shrug shoulders up, hold briefly, lower"
"Skull Crusher","Tricep isolation exercise lying down","Free Weight","Triceps","None","None","Barbell, Bench","Intermediate","Lie on bench, hold barbell over chest, lower to forehead, extend back up"
"Barbell Preacher Curl","Bicep curl performed on preacher bench","Free Weight","Biceps","Forearms","None","Barbell, Preacher Bench","Intermediate","Sit at preacher bench, curl barbell up, lower slowly"
"Sumo Deadlift","Wide-stance deadlift variation","Free Weight","Glutes","Quadriceps","Hamstrings","Barbell","Advanced","Wide stance, grip barbell inside legs, lift by extending hips and knees"
"Incline Barbell Press","Chest press on inclined bench","Free Weight","Upper Chest","Shoulders","Triceps","Barbell, Incline Bench","Intermediate","Lie on incline bench, press barbell from chest to arms extended"
"Decline Barbell Press","Chest press on declined bench","Free Weight","Lower Chest","Triceps","Shoulders","Barbell, Decline Bench","Intermediate","Lie on decline bench, press barbell from chest to arms extended"
"Barbell Calf Raise","Calf strengthening exercise","Free Weight","Calves","None","None","Barbell","Beginner","Hold barbell on shoulders, rise up on toes, lower slowly"
"Barbell Good Morning","Hip hinge exercise for posterior chain","Free Weight","Hamstrings","Glutes","Lower Back","Barbell","Advanced","Barbell on shoulders, hinge at hips bending forward, return to upright"
"Dumbbell Bench Press","Chest press using dumbbells","Free Weight","Chest","Triceps","Shoulders","Dumbbells, Bench","Intermediate","Lie on bench with dumbbells, press up from chest level"
"Dumbbell Flye","Chest isolation exercise","Free Weight","Chest","Shoulders","None","Dumbbells, Bench","Intermediate","Lie on bench, arc dumbbells out and down, squeeze chest to return"
"Dumbbell Row","Single-arm rowing exercise","Free Weight","Lats","Rhomboids","Rear Delts","Dumbbells, Bench","Beginner","Support on bench, row dumbbell to hip, squeeze shoulder blade"
"Dumbbell Shoulder Press","Seated or standing shoulder press","Free Weight","Shoulders","Triceps","Core","Dumbbells","Beginner","Press dumbbells overhead from shoulder level, lower with control"
"Dumbbell Squat","Squat holding dumbbells","Free Weight","Quadriceps","Glutes","Hamstrings","Dumbbells","Beginner","Hold dumbbells at sides, squat down, drive through heels to stand"
"Dumbbell Lunge","Forward or reverse lunge with dumbbells","Free Weight","Quadriceps","Glutes","Calves","Dumbbells","Beginner","Step into lunge holding dumbbells, lower back knee, return to start"
"Dumbbell Curl","Bicep curl with dumbbells","Free Weight","Biceps","Forearms","None","Dumbbells","Beginner","Hold dumbbells, curl up by flexing biceps, lower slowly"
"Dumbbell Tricep Extension","Overhead tricep exercise","Free Weight","Triceps","None","None","Dumbbells","Beginner","Hold dumbbell overhead, lower behind head, extend back up"
"Dumbbell Pullover","Chest and lat exercise lying down","Free Weight","Chest","Lats","Serratus","Dumbbells, Bench","Intermediate","Lie on bench, hold dumbbell over chest, lower behind head, pull back"
"Dumbbell Deadlift","Deadlift variation with dumbbells","Free Weight","Hamstrings","Glutes","Lower Back","Dumbbells","Beginner","Hold dumbbells, hinge at hips, lower weights, return to standing"
"Goblet Squat","Squat holding single dumbbell","Free Weight","Quadriceps","Glutes","Core","Dumbbell","Beginner","Hold dumbbell at chest, squat down keeping chest up"
"Dumbbell Step-Up","Single-leg exercise stepping onto platform","Free Weight","Quadriceps","Glutes","Calves","Dumbbells, Platform","Beginner","Step up onto platform with one leg, step down with control"
"Dumbbell Bulgarian Split Squat","Rear-foot elevated single-leg squat","Free Weight","Quadriceps","Glutes","Calves","Dumbbells, Bench","Intermediate","Rear foot on bench, lower into lunge, drive through front heel"
"Dumbbell Hammer Curl","Neutral grip bicep curl","Free Weight","Biceps","Forearms","Brachialis","Dumbbells","Beginner","Hold dumbbells with neutral grip, curl up, lower slowly"
"Dumbbell Lateral Raise","Side deltoid isolation","Free Weight","Shoulders","Traps","None","Dumbbells","Beginner","Hold dumbbells at sides, raise out to sides, lower slowly"
"Dumbbell Rear Delt Flye","Rear deltoid isolation exercise","Free Weight","Rear Delts","Rhomboids","Middle Traps","Dumbbells","Beginner","Bend over, raise dumbbells out to sides squeezing shoulder blades"
"Dumbbell Chest Flye","Incline chest isolation","Free Weight","Upper Chest","Shoulders","None","Dumbbells, Incline Bench","Intermediate","On incline bench, arc dumbbells out and up"
"Dumbbell Shrug","Trapezius exercise with dumbbells","Free Weight","Traps","None","None","Dumbbells","Beginner","Hold dumbbells, shrug shoulders up, hold, lower"
"Farmer's Walk","Functional carrying exercise","Free Weight","Forearms","Traps","Core","Dumbbells","Beginner","Hold heavy dumbbells, walk maintaining posture"
"Dumbbell Thruster","Compound squat to press movement","Free Weight","Quadriceps","Shoulders","Glutes","Dumbbells","Advanced","Squat holding dumbbells, drive up pressing weights overhead"
"Dumbbell Romanian Deadlift","Hip hinge with dumbbells","Free Weight","Hamstrings","Glutes","Lower Back","Dumbbells","Beginner","Hold dumbbells, hinge at hips, lower weights, return"
"Dumbbell Bent-Over Row","Bent-over rowing with both arms","Free Weight","Lats","Rhomboids","Rear Delts","Dumbbells","Intermediate","Bend over holding dumbbells, row both to hips"
"Dumbbell Clean and Press","Olympic lift variation","Free Weight","Shoulders","Quadriceps","Glutes","Dumbbells","Advanced","Clean dumbbells to shoulders, press overhead"
"Dumbbell Snatch","Single-arm power movement","Free Weight","Shoulders","Quadriceps","Core","Dumbbell","Advanced","Pull dumbbell from floor to overhead in one motion"
"Dumbbell Turkish Get-Up","Complex full-body movement","Free Weight","Core","Shoulders","Glutes","Dumbbell","Advanced","Complex movement from lying to standing holding weight"
"Single-Arm Dumbbell Press","Unilateral shoulder press","Free Weight","Shoulders","Core","Triceps","Dumbbell","Intermediate","Press single dumbbell overhead, engage core for stability"
"Dumbbell Woodchop","Rotational core exercise","Free Weight","Core","Shoulders","Obliques","Dumbbell","Intermediate","Hold dumbbell, rotate from high to low across body"
"Dumbbell Swing","Hip hinge power movement","Free Weight","Glutes","Hamstrings","Core","Dumbbell","Intermediate","Swing dumbbell between legs and up to chest level"
"Dumbbell Renegade Row","Plank position rowing","Free Weight","Lats","Core","Rhomboids","Dumbbells","Advanced","In plank on dumbbells, row one at a time"
"Dumbbell Man Maker","Complex full-body exercise","Free Weight","Chest","Shoulders","Quadriceps","Dumbbells","Advanced","Burpee with dumbbell rows and overhead press"
"Arnold Press","Rotating shoulder press","Free Weight","Shoulders","Triceps","None","Dumbbells","Intermediate","Start with palms facing you, rotate and press overhead"
"Dumbbell Zottman Curl","Bicep curl with rotation","Free Weight","Biceps","Forearms","None","Dumbbells","Intermediate","Curl up normally, rotate and lower slowly"
"Dumbbell 21s","Bicep curl variation with partial reps","Free Weight","Biceps","Forearms","None","Dumbbells","Intermediate","7 bottom half reps, 7 top half, 7 full range"
"Dumbbell Concentration Curl","Isolated bicep curl","Free Weight","Biceps","None","None","Dumbbell","Beginner","Sit, elbow on thigh, curl dumbbell focusing on bicep"
"Dumbbell Wrist Curl","Forearm strengthening","Free Weight","Forearms","None","None","Dumbbell","Beginner","Forearms on thighs, curl weight with wrists only"
"Dumbbell Reverse Curl","Bicep curl with overhand grip","Free Weight","Biceps","Forearms","Brachialis","Dumbbells","Beginner","Hold dumbbells overhand, curl up, lower slowly"
"Dumbbell Kickback","Tricep isolation exercise","Free Weight","Triceps","None","None","Dumbbells","Beginner","Bend over, extend dumbbell back squeezing tricep"
"Single-Arm Dumbbell Row","Unilateral back exercise","Free Weight","Lats","Rhomboids","Rear Delts","Dumbbell, Bench","Beginner","Support on bench, row single dumbbell to hip"
"Dumbbell Incline Curl","Bicep curl on incline bench","Free Weight","Biceps","Forearms","None","Dumbbells, Incline Bench","Intermediate","On incline bench, curl dumbbells with full stretch"
"Dumbbell Decline Press","Chest press on decline bench","Free Weight","Lower Chest","Triceps","Shoulders","Dumbbells, Decline Bench","Intermediate","On decline bench, press dumbbells from chest"
"Dumbbell Chest Press","Floor chest press","Free Weight","Chest","Triceps","Shoulders","Dumbbells","Beginner","Lie on floor, press dumbbells from chest level"
"Dumbbell Pullover Cross-Bench","Chest expansion exercise","Free Weight","Chest","Lats","Serratus","Dumbbell, Bench","Intermediate","Lie across bench, hold dumbbell over chest, lower behind head"
"Dumbbell Spider Curl","Bicep curl on incline bench face down","Free Weight","Biceps","Forearms","None","Dumbbells, Incline Bench","Intermediate","Face down on incline, curl dumbbells up"
"Dumbbell Floor Press","Chest press lying on floor","Free Weight","Chest","Triceps","Shoulders","Dumbbells","Beginner","Lie on floor, press dumbbells from chest, touch elbows to floor"
"Dumbbell Single-Leg Deadlift","Unilateral hip hinge","Free Weight","Hamstrings","Glutes","Core","Dumbbells","Intermediate","Stand on one leg, hinge at hip lowering weights"
"Dumbbell Calf Raise","Standing calf exercise","Free Weight","Calves","None","None","Dumbbells","Beginner","Hold dumbbells, rise up on toes, lower slowly"
"Dumbbell Side Lunge","Lateral lunge movement","Free Weight","Quadriceps","Glutes","Adductors","Dumbbells","Beginner","Step to side into lunge, push back to center"
"Dumbbell Reverse Lunge","Backward stepping lunge","Free Weight","Quadriceps","Glutes","Hamstrings","Dumbbells","Beginner","Step back into lunge, push through front heel to return"
"Dumbbell Sumo Squat","Wide-stance squat","Free Weight","Quadriceps","Glutes","Adductors","Dumbbell","Beginner","Wide stance, hold dumbbell between legs, squat down"
"Dumbbell Box Step-Up","Platform stepping exercise","Free Weight","Quadriceps","Glutes","Calves","Dumbbells, Box","Beginner","Step up onto box, step down with control"
"Dumbbell Walking Lunge","Dynamic lunge movement","Free Weight","Quadriceps","Glutes","Calves","Dumbbells","Intermediate","Lunge forward alternating legs while walking"
"Dumbbell Curtsy Lunge","Cross-behind lunge movement","Free Weight","Quadriceps","Glutes","Adductors","Dumbbells","Intermediate","Step back and across behind other leg"
"Dumbbell Jump Squat","Explosive squat movement","Free Weight","Quadriceps","Glutes","Calves","Dumbbells","Advanced","Squat down, explode up jumping, land softly"
"Dumbbell Single-Arm Snatch","Unilateral power movement","Free Weight","Shoulders","Quadriceps","Core","Dumbbell","Advanced","Pull dumbbell from floor to overhead explosively"
"Dumbbell High Pull","Power movement to chest level","Free Weight","Shoulders","Traps","Quadriceps","Dumbbells","Advanced","Pull dumbbells from floor to chest level explosively"
"Dumbbell Push Press","Lower body assisted shoulder press","Free Weight","Shoulders","Quadriceps","Triceps","Dumbbells","Advanced","Slight knee bend to assist pressing dumbbells overhead"
"Dumbbell Front Raise","Anterior deltoid isolation","Free Weight","Shoulders","None","None","Dumbbells","Beginner","Hold dumbbells, raise forward to shoulder height"
"Dumbbell Upright Row","Vertical pulling exercise","Free Weight","Shoulders","Traps","Biceps","Dumbbells","Intermediate","Hold dumbbells close, pull up to chest level"
"Dumbbell Reverse Flye","Rear deltoid exercise","Free Weight","Rear Delts","Rhomboids","Middle Traps","Dumbbells","Beginner","Bend over, raise dumbbells out to sides"
"Dumbbell Scaption","Shoulder abduction in scapular plane","Free Weight","Shoulders","None","None","Dumbbells","Beginner","Raise dumbbells forward at 45-degree angle"
"Dumbbell L-Raise","Combination front and lateral raise","Free Weight","Shoulders","None","None","Dumbbells","Intermediate","Raise one dumbbell forward, one to side"
"Dumbbell Y-Raise","Overhead Y-position raise","Free Weight","Shoulders","Traps","None","Dumbbells","Intermediate","Raise dumbbells overhead in Y position"
"Dumbbell T-Raise","Lateral raise to T-position","Free Weight","Shoulders","Rhomboids","None","Dumbbells","Beginner","Raise dumbbells to sides forming T shape"
"Dumbbell Cuban Press","Shoulder external rotation exercise","Free Weight","Shoulders","Rear Delts","None","Dumbbells","Intermediate","Upright row, rotate, then press overhead"
"Dumbbell Face Pull","Rear deltoid and upper back exercise","Free Weight","Rear Delts","Rhomboids","Middle Traps","Dumbbells","Intermediate","Pull dumbbells to face level separating hands"
"Dumbbell Prone Y-Raise","Chest-down Y-raise","Free Weight","Shoulders","Rhomboids","Lower Traps","Dumbbells, Bench","Intermediate","Lie face down, raise dumbbells in Y position"
"Dumbbell Prone T-Raise","Chest-down T-raise","Free Weight","Rhomboids","Rear Delts","Middle Traps","Dumbbells, Bench","Intermediate","Lie face down, raise dumbbells to sides"
"Dumbbell Prone I-Raise","Chest-down overhead raise","Free Weight","Lower Traps","Shoulders","Rhomboids","Dumbbells, Bench","Intermediate","Lie face down, raise dumbbells overhead"
"Dumbbell Wall Sit Shoulder Press","Isometric squat with press","Free Weight","Quadriceps","Shoulders","Glutes","Dumbbells","Intermediate","Wall sit position, press dumbbells overhead"
"Dumbbell Single-Leg Squat","Unilateral squat movement","Free Weight","Quadriceps","Glutes","Core","Dumbbell","Advanced","Single leg squat holding dumbbell for balance"
"Dumbbell Pistol Squat","Advanced single-leg squat","Free Weight","Quadriceps","Glutes","Core","Dumbbell","Advanced","Full range single-leg squat, other leg extended"
"Dumbbell Deficit Deadlift","Deadlift from elevated position","Free Weight","Hamstrings","Glutes","Lower Back","Dumbbells, Platform","Advanced","Stand on platform, deadlift from greater range"
"Dumbbell Stiff-Leg Deadlift","Straight leg hip hinge","Free Weight","Hamstrings","Glutes","Lower Back","Dumbbells","Intermediate","Keep legs straight, hinge at hips"
"Dumbbell Good Morning","Hip hinge with dumbbells","Free Weight","Hamstrings","Glutes","Lower Back","Dumbbells","Advanced","Hold dumbbells, hinge forward at hips"
"Dumbbell Hip Thrust","Glute exercise with dumbbells","Free Weight","Glutes","Hamstrings","Core","Dumbbells, Bench","Intermediate","Back on bench, thrust hips up with dumbbell"
"Dumbbell Glute Bridge","Floor-based glute exercise","Free Weight","Glutes","Hamstrings","Core","Dumbbell","Beginner","Lie on floor, bridge up with dumbbell on hips"
"Dumbbell Single-Leg Hip Thrust","Unilateral glute exercise","Free Weight","Glutes","Hamstrings","Core","Dumbbell, Bench","Advanced","Single leg hip thrust with dumbbell"
"Dumbbell Frog Pump","High-rep glute exercise","Free Weight","Glutes","None","None","Dumbbell","Beginner","Feet together, knees out, bridge with dumbbell"
"Dumbbell Clamshell","Hip abduction exercise","Free Weight","Glutes","Hip Abductors","None","Dumbbell","Beginner","Side-lying, rotate top leg up with weight"
"Dumbbell Fire Hydrant","Hip abduction from hands and knees","Free Weight","Glutes","Hip Abductors","Core","Dumbbell","Beginner","On hands and knees, lift leg to side with weight"
"Dumbbell Donkey Kick","Glute isolation exercise","Free Weight","Glutes","Hamstrings","None","Dumbbell","Beginner","On hands and knees, kick leg back with weight"
"Dumbbell Reverse Hyperextension","Lower back and glute exercise","Free Weight","Glutes","Hamstrings","Lower Back","Dumbbell, Bench","Intermediate","Lie face down on bench, lift legs with weight"
"Dumbbell Standing Calf Raise","Unilateral calf exercise","Free Weight","Calves","None","None","Dumbbell","Beginner","Single leg calf raise holding dumbbell"
"Dumbbell Seated Calf Raise","Seated calf strengthening","Free Weight","Calves","None","None","Dumbbell","Beginner","Sit with dumbbell on thigh, raise up on toes"
"Dumbbell Toe Walk","Dynamic calf exercise","Free Weight","Calves","Core","None","Dumbbells","Beginner","Walk on toes holding dumbbells"
"Chest Press Machine","Seated chest press on machine","Machine","Chest","Triceps","Shoulders","Chest Press Machine","Beginner","Sit in machine, press handles forward from chest"
"Leg Press Machine","Seated leg press exercise","Machine","Quadriceps","Glutes","Hamstrings","Leg Press Machine","Beginner","Sit in machine, press weight with feet"
"Lat Pulldown","Vertical pulling exercise","Machine","Lats","Rhomboids","Biceps","Lat Pulldown Machine","Beginner","Sit at machine, pull bar down to chest"
"Seated Row","Horizontal pulling exercise","Machine","Lats","Rhomboids","Rear Delts","Seated Row Machine","Beginner","Sit at machine, pull handles to chest"
"Shoulder Press Machine","Seated shoulder press","Machine","Shoulders","Triceps","None","Shoulder Press Machine","Beginner","Sit in machine, press handles overhead"
"Leg Curl Machine","Hamstring isolation exercise","Machine","Hamstrings","None","None","Leg Curl Machine","Beginner","Lie on machine, curl heels toward glutes"
"Leg Extension Machine","Quadriceps isolation exercise","Machine","Quadriceps","None","None","Leg Extension Machine","Beginner","Sit in machine, extend legs straight"
"Cable Flye","Chest isolation using cables","Machine","Chest","Shoulders","None","Cable Machine","Intermediate","Stand between cables, bring handles together"
"Cable Row","Horizontal pulling with cables","Machine","Lats","Rhomboids","Rear Delts","Cable Machine","Beginner","Sit at cable machine, pull handle to chest"
"Cable Lateral Raise","Side deltoid exercise with cables","Machine","Shoulders","None","None","Cable Machine","Beginner","Stand beside cable, raise handle to side"
"Tricep Pushdown","Tricep isolation using cables","Machine","Triceps","None","None","Cable Machine","Beginner","Stand at cable machine, push bar down"
"Cable Bicep Curl","Bicep curl using cable machine","Machine","Biceps","Forearms","None","Cable Machine","Beginner","Stand at cable, curl handle up"
"Cable Face Pull","Rear deltoid exercise with cables","Machine","Rear Delts","Rhomboids","Middle Traps","Cable Machine","Intermediate","Pull cable to face level, separate hands"
"Cable Woodchop","Rotational core exercise with cable","Machine","Core","Obliques","Shoulders","Cable Machine","Intermediate","Rotate cable from high to low position"
"Cable Reverse Flye","Rear deltoid cable exercise","Machine","Rear Delts","Rhomboids","None","Cable Machine","Beginner","Cross cables, pull handles apart"
"Pec Deck Machine","Chest isolation machine","Machine","Chest","Shoulders","None","Pec Deck Machine","Beginner","Sit in machine, bring pads together"
"Calf Raise Machine","Standing calf exercise on machine","Machine","Calves","None","None","Calf Raise Machine","Beginner","Stand on machine, raise up on toes"
"Smith Machine Squat","Squat using guided barbell","Machine","Quadriceps","Glutes","Hamstrings","Smith Machine","Beginner","Squat with guided barbell for stability"
"Smith Machine Bench Press","Bench press with guided bar","Machine","Chest","Triceps","Shoulders","Smith Machine","Beginner","Bench press with guided barbell"
"Hip Abduction Machine","Hip abductor strengthening","Machine","Hip Abductors","Glutes","None","Hip Abduction Machine","Beginner","Sit in machine, push legs apart"
"Hip Adduction Machine","Hip adductor strengthening","Machine","Hip Adductors","None","None","Hip Adduction Machine","Beginner","Sit in machine, squeeze legs together"
"Back Extension Machine","Lower back strengthening","Machine","Lower Back","Glutes","Hamstrings","Back Extension Machine","Beginner","Position in machine, extend back upward"
"Ab Crunch Machine","Abdominal strengthening machine","Machine","Abs","None","None","Ab Crunch Machine","Beginner","Sit in machine, crunch forward"
"Assisted Dip Machine","Tricep and chest exercise with assistance","Machine","Triceps","Chest","Shoulders","Assisted Dip Machine","Beginner","Kneel on machine, perform dips with assistance"
"Assisted Pull-up Machine","Back exercise with assistance","Machine","Lats","Biceps","Rhomboids","Assisted Pull-up Machine","Beginner","Kneel on machine, pull up with assistance"
"Cable Crunch","Abdominal exercise using cable","Machine","Abs","None","None","Cable Machine","Beginner","Kneel at cable, crunch down"
"Cable Russian Twist","Rotational core exercise","Machine","Core","Obliques","None","Cable Machine","Intermediate","Rotate cable side to side"
"Cable Pull-Through","Hip hinge exercise with cable","Machine","Glutes","Hamstrings","None","Cable Machine","Intermediate","Pull cable through legs with hip hinge"
"Cable Kickback","Glute exercise using cable","Machine","Glutes","Hamstrings","None","Cable Machine","Beginner","Kick leg back against cable resistance"
"Cable Side Bend","Oblique exercise with cable","Machine","Obliques","None","None","Cable Machine","Beginner","Bend to side against cable resistance"
"Seated Leg Curl","Hamstring exercise seated","Machine","Hamstrings","None","None","Leg Curl Machine","Beginner","Sit in machine, curl legs down"
"Standing Leg Curl","Hamstring exercise standing","Machine","Hamstrings","None","None","Leg Curl Machine","Beginner","Stand at machine, curl one leg at a time"
"Preacher Curl Machine","Bicep isolation machine","Machine","Biceps","Forearms","None","Preacher Curl Machine","Beginner","Sit at machine, curl handles up"
"Machine Fly","Chest isolation machine","Machine","Chest","Shoulders","None","Machine Fly","Beginner","Sit in machine, bring handles together"
"T-Bar Row Machine","Back exercise using T-bar","Machine","Lats","Rhomboids","Rear Delts","T-Bar Row Machine","Intermediate","Straddle machine, row handles to chest"
"Incline Press Machine","Incline chest press machine","Machine","Upper Chest","Shoulders","Triceps","Incline Press Machine","Beginner","Sit in inclined machine, press handles up"
"Decline Press Machine","Decline chest press machine","Machine","Lower Chest","Triceps","Shoulders","Decline Press Machine","Beginner","Sit in declined machine, press handles up"
"Reverse Pec Deck","Rear deltoid machine exercise","Machine","Rear Delts","Rhomboids","None","Reverse Pec Deck","Beginner","Sit facing machine, pull handles apart"
"Cable Upright Row","Upright row using cable","Machine","Shoulders","Traps","Biceps","Cable Machine","Intermediate","Pull cable up to chest level"
"Cable Shrug","Trapezius exercise with cable","Machine","Traps","None","None","Cable Machine","Beginner","Shrug shoulders up against cable"
"Machine Shrug","Trapezius exercise on machine","Machine","Traps","None","None","Shrug Machine","Beginner","Stand in machine, shrug shoulders up"
"Glute Ham Raise","Hamstring and glute exercise","Machine","Hamstrings","Glutes","Lower Back","GHR Machine","Advanced","Secure feet, lower and raise body"
"Roman Chair Sit-Up","Abdominal exercise on roman chair","Machine","Abs","Hip Flexors","None","Roman Chair","Intermediate","Sit on chair, perform sit-ups"
"Captain's Chair Leg Raise","Hanging leg raise variation","Machine","Abs","Hip Flexors","None","Captain's Chair","Intermediate","Support on arms, raise legs up"
"Cable Hammer Curl","Neutral grip bicep curl with cable","Machine","Biceps","Forearms","Brachialis","Cable Machine","Beginner","Curl cable with neutral grip"
"Cable Concentration Curl","Isolated bicep curl with cable","Machine","Biceps","None","None","Cable Machine","Beginner","Single arm curl with cable support"
"Cable Overhead Tricep Extension","Tricep exercise with cable overhead","Machine","Triceps","None","None","Cable Machine","Intermediate","Pull cable down from overhead position"
"Cable Lying Tricep Extension","Tricep exercise lying with cable","Machine","Triceps","None","None","Cable Machine","Intermediate","Lie down, extend cable from overhead"
"Chest Dip Machine","Chest and tricep dip machine","Machine","Chest","Triceps","Shoulders","Dip Machine","Beginner","Sit in machine, perform dips"
"Vertical Leg Press","Leg press in vertical position","Machine","Quadriceps","Glutes","Hamstrings","Vertical Leg Press","Beginner","Lie under machine, press weight up"
"Hack Squat Machine","Squat exercise on hack machine","Machine","Quadriceps","Glutes","Hamstrings","Hack Squat Machine","Intermediate","Stand in machine, squat with back support"
"Belt Squat Machine","Squat using belt attachment","Machine","Quadriceps","Glutes","Hamstrings","Belt Squat Machine","Intermediate","Wear belt, squat with weight attached"
"Pendulum Squat","Squat on pendulum machine","Machine","Quadriceps","Glutes","Hamstrings","Pendulum Squat","Intermediate","Stand on machine, squat in arc motion"
"Sissy Squat Machine","Quadriceps isolation machine","Machine","Quadriceps","None","None","Sissy Squat Machine","Advanced","Lean back, squat focusing on quads"
"Leg Press Calf Raise","Calf raise on leg press machine","Machine","Calves","None","None","Leg Press Machine","Beginner","Perform calf raises on leg press platform"
"Smith Machine Calf Raise","Calf raise using Smith machine","Machine","Calves","None","None","Smith Machine","Beginner","Stand under Smith bar, perform calf raises"
"Cable Calf Raise","Calf raise using cable machine","Machine","Calves","None","None","Cable Machine","Beginner","Stand on platform, perform calf raises with cable"
"Donkey Calf Raise Machine","Bent-over calf raise machine","Machine","Calves","None","None","Donkey Calf Raise Machine","Beginner","Bend over in machine, perform calf raises"
"Seated Calf Raise Machine","Seated calf strengthening machine","Machine","Calves","None","None","Seated Calf Raise Machine","Beginner","Sit in machine, raise up on toes with weight"
"Cable Side Lateral Raise","Lateral raise using cable from side","Machine","Shoulders","None","None","Cable Machine","Beginner","Stand beside cable, raise to side"
"Cable Front Raise","Front deltoid raise with cable","Machine","Shoulders","None","None","Cable Machine","Beginner","Raise cable forward to shoulder height"
"Cable Rear Delt Fly","Rear deltoid fly with cables","Machine","Rear Delts","Rhomboids","None","Cable Machine","Beginner","Stand between cables, pull apart"
"Machine Lateral Raise","Lateral raise on machine","Machine","Shoulders","None","None","Lateral Raise Machine","Beginner","Sit in machine, raise handles to sides"
"Machine Rear Delt Fly","Rear deltoid machine","Machine","Rear Delts","Rhomboids","None","Rear Delt Machine","Beginner","Sit facing backward, pull handles apart"
"Cable Internal Rotation","Shoulder internal rotation","Machine","Shoulders","None","None","Cable Machine","Beginner","Rotate arm inward against cable"
"Cable External Rotation","Shoulder external rotation","Machine","Shoulders","Rear Delts","None","Cable Machine","Beginner","Rotate arm outward against cable"
"Pulley System Face Pull","High pulley face pull","Machine","Rear Delts","Rhomboids","Middle Traps","Pulley System","Intermediate","Pull high pulley to face level"
"Low Row Machine","Low rowing machine","Machine","Lats","Rhomboids","Rear Delts","Low Row Machine","Beginner","Sit at machine, row handles to chest"
"High Row Machine","High rowing machine","Machine","Lats","Rhomboids","Rear Delts","High Row Machine","Beginner","Sit at machine, row handles to upper chest"
"Wide Grip Lat Pulldown","Wide grip vertical pull","Machine","Lats","Biceps","Rhomboids","Lat Pulldown Machine","Beginner","Pull wide bar down to chest"
"Close Grip Lat Pulldown","Close grip vertical pull","Machine","Lats","Biceps","Rhomboids","Lat Pulldown Machine","Beginner","Pull close grip bar to chest"
"V-Bar Lat Pulldown","V-shaped handle pulldown","Machine","Lats","Biceps","Rhomboids","Lat Pulldown Machine","Beginner","Pull V-bar down to chest"
"Cable Pulldown","Cable version of lat pulldown","Machine","Lats","Biceps","Rhomboids","Cable Machine","Beginner","Pull cable down to chest from high position"
"Machine Pullover","Lat pullover on machine","Machine","Lats","Chest","Serratus","Pullover Machine","Intermediate","Sit in machine, pull bar down and back"
"Cable Pullover","Pullover using cable machine","Machine","Lats","Chest","Serratus","Cable Machine","Intermediate","Pull cable from high to low position"
"Straight Arm Pulldown","Lat exercise with straight arms","Machine","Lats","Rear Delts","None","Cable Machine","Intermediate","Pull cable down with straight arms"
"Cable Straight Arm Pullback","Rear delt exercise with cable","Machine","Rear Delts","Lats","Rhomboids","Cable Machine","Intermediate","Pull cable back with straight arms"
"Machine Row","Generic rowing machine","Machine","Lats","Rhomboids","Rear Delts","Rowing Machine","Beginner","Sit at machine, row handles to body"
"Hammer Strength Row","Plate-loaded rowing machine","Machine","Lats","Rhomboids","Rear Delts","Hammer Strength Machine","Intermediate","Sit at machine, row handles alternately"
"Lever Row","Lever-based rowing machine","Machine","Lats","Rhomboids","Rear Delts","Lever Row Machine","Beginner","Sit at machine, pull lever to chest"
"Cable One-Arm Row","Single arm row with cable","Machine","Lats","Rhomboids","Rear Delts","Cable Machine","Beginner","Single arm rowing motion with cable"
"Machine Chest Fly","Chest fly on machine","Machine","Chest","Shoulders","None","Chest Fly Machine","Beginner","Sit in machine, bring handles together"
"Incline Machine Fly","Incline chest fly machine","Machine","Upper Chest","Shoulders","None","Incline Fly Machine","Beginner","Sit in inclined machine, bring handles together"
"Decline Machine Fly","Decline chest fly machine","Machine","Lower Chest","Shoulders","None","Decline Fly Machine","Beginner","Sit in declined machine, bring handles together"
"Cable Crossover","Cable chest crossover","Machine","Chest","Shoulders","None","Cable Machine","Intermediate","Cross cables at chest level"
"High Cable Crossover","High cable chest crossover","Machine","Lower Chest","Shoulders","None","Cable Machine","Intermediate","Pull cables down and across"
"Low Cable Crossover","Low cable chest crossover","Machine","Upper Chest","Shoulders","None","Cable Machine","Intermediate","Pull cables up and across"
"Machine Tricep Dip","Tricep dip on machine","Machine","Triceps","Chest","Shoulders","Tricep Dip Machine","Beginner","Sit in machine, perform dips"
"Cable Tricep Kickback","Tricep kickback with cable","Machine","Triceps","None","None","Cable Machine","Beginner","Bend over, extend cable back"
"Cable Overhead Tricep Press","Overhead tricep press with cable","Machine","Triceps","None","None","Cable Machine","Intermediate","Press cable overhead from behind head"
"Rope Tricep Pushdown","Tricep pushdown with rope","Machine","Triceps","None","None","Cable Machine","Beginner","Push rope down separating at bottom"
"V-Bar Tricep Pushdown","Tricep pushdown with V-bar","Machine","Triceps","None","None","Cable Machine","Beginner","Push V-bar down with both hands"
"Straight Bar Tricep Pushdown","Tricep pushdown with straight bar","Machine","Triceps","None","None","Cable Machine","Beginner","Push straight bar down"
"Reverse Grip Tricep Pushdown","Underhand tricep pushdown","Machine","Triceps","None","None","Cable Machine","Beginner","Push bar down with underhand grip"
"Machine Tricep Extension","Tricep extension machine","Machine","Triceps","None","None","Tricep Extension Machine","Beginner","Sit in machine, extend arms"
"Bodyweight Squat","Basic squatting movement","Bodyweight","Quadriceps","Glutes","Hamstrings","None","Beginner","Squat down keeping chest up, drive through heels"
"Push-Up","Classic upper body exercise","Bodyweight","Chest","Triceps","Shoulders","None","Beginner","Lower chest to floor, push back up"
"Pull-Up","Vertical pulling exercise","Bodyweight","Lats","Biceps","Rhomboids","Pull-up Bar","Advanced","Hang from bar, pull body up"
"Dip","Tricep and chest exercise","Bodyweight","Triceps","Chest","Shoulders","Dip Bars","Intermediate","Lower body between bars, push back up"
"Lunge","Single-leg exercise","Bodyweight","Quadriceps","Glutes","Calves","None","Beginner","Step forward into lunge, return to start"
"Plank","Core stability exercise","Bodyweight","Core","Shoulders","None","None","Beginner","Hold straight body position on forearms"
"Burpee","Full-body explosive movement","Bodyweight","Quadriceps","Chest","Shoulders","None","Advanced","Squat, jump back, push-up, jump forward, jump up"
"Mountain Climber","Dynamic core exercise","Bodyweight","Core","Shoulders","Hip Flexors","None","Intermediate","Plank position, alternate bringing knees to chest"
"Jumping Jack","Cardiovascular exercise","Bodyweight","Calves","Shoulders","Hip Abductors","None","Beginner","Jump feet apart while raising arms overhead"
"High Knees","Dynamic leg exercise","Bodyweight","Hip Flexors","Quadriceps","Calves","None","Beginner","Run in place bringing knees high"
"Butt Kicks","Dynamic hamstring exercise","Bodyweight","Hamstrings","Calves","None","None","Beginner","Run in place kicking heels to glutes"
"Jump Squat","Explosive squat movement","Bodyweight","Quadriceps","Glutes","Calves","None","Intermediate","Squat down, explode up jumping"
"Single-Leg Squat","Unilateral squat exercise","Bodyweight","Quadriceps","Glutes","Core","None","Advanced","Squat on one leg, other leg extended"
"Pistol Squat","Advanced single-leg squat","Bodyweight","Quadriceps","Glutes","Core","None","Advanced","Full range single-leg squat"
"Wall Sit","Isometric squat exercise","Bodyweight","Quadriceps","Glutes","None","Wall","Beginner","Sit against wall in squat position"
"Calf Raise","Standing calf exercise","Bodyweight","Calves","None","None","None","Beginner","Rise up on toes, lower slowly"
"Single-Leg Calf Raise","Unilateral calf exercise","Bodyweight","Calves","Core","None","None","Intermediate","Calf raise on one leg"
"Glute Bridge","Hip extension exercise","Bodyweight","Glutes","Hamstrings","Core","None","Beginner","Lie on back, bridge hips up"
"Single-Leg Glute Bridge","Unilateral glute exercise","Bodyweight","Glutes","Hamstrings","Core","None","Intermediate","Bridge on one leg"
"Hip Thrust","Glute exercise against bench","Bodyweight","Glutes","Hamstrings","Core","Bench","Intermediate","Back against bench, thrust hips up"
"Reverse Lunge","Backward stepping lunge","Bodyweight","Quadriceps","Glutes","Hamstrings","None","Beginner","Step back into lunge"
"Side Lunge","Lateral lunge movement","Bodyweight","Quadriceps","Glutes","Adductors","None","Beginner","Step to side into lunge"
"Curtsy Lunge","Cross-behind lunge","Bodyweight","Quadriceps","Glutes","Adductors","None","Intermediate","Step back and across"
"Walking Lunge","Dynamic lunge movement","Bodyweight","Quadriceps","Glutes","Calves","None","Intermediate","Lunge forward alternating legs"
"Jump Lunge","Explosive lunge variation","Bodyweight","Quadriceps","Glutes","Calves","None","Advanced","Switch legs mid-air in lunge position"
"Step-Up","Single-leg step exercise","Bodyweight","Quadriceps","Glutes","Calves","Platform","Beginner","Step up onto platform"
"Box Jump","Explosive jumping exercise","Bodyweight","Quadriceps","Glutes","Calves","Box","Advanced","Jump up onto box"
"Broad Jump","Horizontal jumping exercise","Bodyweight","Quadriceps","Glutes","Calves","None","Intermediate","Jump forward as far as possible"
"Vertical Jump","Vertical jumping exercise","Bodyweight","Quadriceps","Glutes","Calves","None","Intermediate","Jump straight up as high as possible"
"Tuck Jump","Knee-to-chest jump","Bodyweight","Quadriceps","Hip Flexors","Calves","None","Advanced","Jump bringing knees to chest"
"Star Jump","Explosive jumping jack variation","Bodyweight","Quadriceps","Shoulders","Hip Abductors","None","Intermediate","Jump spreading arms and legs wide"
"Squat Jump","Explosive squat variation","Bodyweight","Quadriceps","Glutes","Calves","None","Intermediate","Jump from squat position"
"Split Jump","Alternating lunge jump","Bodyweight","Quadriceps","Glutes","Calves","None","Advanced","Jump switching lunge positions"
"Lateral Bound","Side-to-side jumping","Bodyweight","Quadriceps","Glutes","Hip Abductors","None","Advanced","Jump laterally from leg to leg"
"Single-Leg Hop","Unilateral hopping exercise","Bodyweight","Quadriceps","Glutes","Calves","None","Intermediate","Hop on one leg"
"Diamond Push-Up","Tricep-focused push-up","Bodyweight","Triceps","Chest","Shoulders","None","Advanced","Push-up with hands in diamond shape"
"Wide Push-Up","Chest-focused push-up","Bodyweight","Chest","Shoulders","Triceps","None","Intermediate","Push-up with wide hand placement"
"Decline Push-Up","Elevated feet push-up","Bodyweight","Upper Chest","Shoulders","Triceps","Platform","Advanced","Push-up with feet elevated"
"Incline Push-Up","Elevated hands push-up","Bodyweight","Lower Chest","Triceps","Shoulders","Platform","Beginner","Push-up with hands elevated"
"Pike Push-Up","Shoulder-focused push-up","Bodyweight","Shoulders","Triceps","Upper Chest","None","Advanced","Push-up in pike position"
"Hindu Push-Up","Dynamic push-up variation","Bodyweight","Chest","Shoulders","Triceps","None","Advanced","Flow from plank to downward dog"
"Archer Push-Up","Single-arm focused push-up","Bodyweight","Chest","Triceps","Shoulders","None","Advanced","Push-up shifting weight to one arm"
"One-Arm Push-Up","Single-arm push-up","Bodyweight","Chest","Triceps","Core","None","Advanced","Push-up using only one arm"
"Clapping Push-Up","Explosive push-up","Bodyweight","Chest","Triceps","Shoulders","None","Advanced","Push-up with explosive clap"
"Spiderman Push-Up","Push-up with knee drive","Bodyweight","Chest","Core","Hip Flexors","None","Advanced","Push-up bringing knee to elbow"
"T-Push-Up","Push-up with rotation","Bodyweight","Chest","Core","Shoulders","None","Advanced","Push-up rotating to T position"
"Staggered Push-Up","Uneven hand placement push-up","Bodyweight","Chest","Triceps","Shoulders","None","Intermediate","Push-up with hands at different levels"
"Pseudo Planche Push-Up","Advanced strength push-up","Bodyweight","Chest","Shoulders","Triceps","None","Advanced","Push-up with hands by ribs"
"Handstand Push-Up","Inverted shoulder press","Bodyweight","Shoulders","Triceps","Upper Chest","Wall","Advanced","Press up from handstand position"
"Chin-Up","Underhand pull-up","Bodyweight","Biceps","Lats","Rhomboids","Pull-up Bar","Advanced","Pull up with underhand grip"
"Wide-Grip Pull-Up","Wide grip vertical pull","Bodyweight","Lats","Biceps","Rhomboids","Pull-up Bar","Advanced","Pull up with wide grip"
"Close-Grip Pull-Up","Narrow grip pull-up","Bodyweight","Biceps","Lats","Rhomboids","Pull-up Bar","Advanced","Pull up with close grip"
"Neutral Grip Pull-Up","Parallel grip pull-up","Bodyweight","Biceps","Lats","Brachialis","Pull-up Bar","Advanced","Pull up with palms facing each other"
"Commando Pull-Up","Alternating side pull-up","Bodyweight","Lats","Biceps","Core","Pull-up Bar","Advanced","Pull up alternating sides of bar"
"L-Sit Pull-Up","Pull-up holding L-sit","Bodyweight","Lats","Core","Hip Flexors","Pull-up Bar","Advanced","Pull up while holding legs horizontal"
"Muscle-Up","Pull-up to dip transition","Bodyweight","Lats","Triceps","Shoulders","Pull-up Bar","Advanced","Pull up and transition to dip"
"Typewriter Pull-Up","Side-to-side pull-up","Bodyweight","Lats","Biceps","Rhomboids","Pull-up Bar","Advanced","Pull up shifting side to side"
"One-Arm Pull-Up","Single-arm vertical pull","Bodyweight","Lats","Biceps","Core","Pull-up Bar","Advanced","Pull up using one arm"
"Archer Pull-Up","Single-arm focused pull-up","Bodyweight","Lats","Biceps","Rhomboids","Pull-up Bar","Advanced","Pull up focusing on one arm"
"Australian Pull-Up","Inverted row","Bodyweight","Lats","Rhomboids","Rear Delts","Bar","Intermediate","Pull body up from under bar"
"Inverted Row","Horizontal bodyweight pull","Bodyweight","Lats","Rhomboids","Rear Delts","Bar","Intermediate","Pull chest to bar from underneath"
"Ring Row","Row using suspension rings","Bodyweight","Lats","Rhomboids","Rear Delts","Rings","Intermediate","Row using gymnastic rings"
"TRX Row","Suspension trainer row","Bodyweight","Lats","Rhomboids","Rear Delts","TRX","Intermediate","Row using TRX straps"
"Tricep Dip","Parallel bar dip","Bodyweight","Triceps","Chest","Shoulders","Dip Bars","Intermediate","Lower between bars, push up"
"Bench Dip","Dip using bench","Bodyweight","Triceps","Chest","Shoulders","Bench","Beginner","Dip with hands on bench behind you"
"Chair Dip","Dip using chair","Bodyweight","Triceps","Chest","Shoulders","Chair","Beginner","Dip with hands on chair"
"Ring Dip","Dip using gymnastic rings","Bodyweight","Triceps","Chest","Core","Rings","Advanced","Dip using unstable rings"
"Korean Dip","Deep dip variation","Bodyweight","Triceps","Chest","Shoulders","Dip Bars","Advanced","Dip with deeper range of motion"
"Straight Bar Dip","Dip on single bar","Bodyweight","Triceps","Chest","Shoulders","Straight Bar","Advanced","Dip supporting body on single bar"
"Russian Dip","Dip with forward lean","Bodyweight","Triceps","Chest","Shoulders","Dip Bars","Advanced","Dip leaning forward"
"Weighted Dip","Dip with added weight","Bodyweight","Triceps","Chest","Shoulders","Dip Belt","Advanced","Dip with weight belt"
"L-Sit","Core isometric hold","Bodyweight","Core","Hip Flexors","None","Parallel Bars","Advanced","Hold body with legs horizontal"
"V-Sit","Core strengthening hold","Bodyweight","Core","Hip Flexors","None","None","Advanced","Balance on tailbone with legs up"
"Hollow Body Hold","Core stability exercise","Bodyweight","Core","Hip Flexors","None","None","Intermediate","Hold hollow position on back"
"Dead Bug","Core stability exercise","Bodyweight","Core","Hip Flexors","None","None","Beginner","Lie on back, opposite arm and leg movements"
"Bird Dog","Core and stability exercise","Bodyweight","Core","Glutes","Shoulders","None","Beginner","On hands and knees, extend opposite limbs"
"Superman","Lower back strengthening","Bodyweight","Lower Back","Glutes","Rear Delts","None","Beginner","Lie face down, lift chest and legs"
"Reverse Plank","Posterior chain plank","Bodyweight","Glutes","Hamstrings","Rear Delts","None","Intermediate","Plank facing up"
"Side Plank","Lateral core stability","Bodyweight","Core","Obliques","Shoulders","None","Intermediate","Plank on side"
"Plank Up-Down","Dynamic plank variation","Bodyweight","Core","Shoulders","Triceps","None","Intermediate","Move from plank to forearm plank"
"Plank Jack","Plank with jumping feet","Bodyweight","Core","Shoulders","Hip Abductors","None","Advanced","Jump feet apart and together in plank"
"Plank to Pike","Dynamic plank movement","Bodyweight","Core","Shoulders","Hip Flexors","None","Intermediate","Move from plank to pike position"
"Bear Crawl","Quadrupedal movement","Bodyweight","Core","Shoulders","Quadriceps","None","Intermediate","Crawl on hands and feet"
"Crab Walk","Reverse quadrupedal movement","Bodyweight","Glutes","Triceps","Rear Delts","None","Intermediate","Walk on hands and feet facing up"
"Duck Walk","Low squat walking","Bodyweight","Quadriceps","Glutes","Calves","None","Intermediate","Walk in deep squat position"
"Frog Jump","Explosive forward jumping","Bodyweight","Quadriceps","Glutes","Calves","None","Intermediate","Jump forward in squat position"
"Lizard Crawl","Low crawling movement","Bodyweight","Core","Shoulders","Hip Flexors","None","Advanced","Crawl with body low to ground"
"Shrimp Squat","Advanced single-leg squat","Bodyweight","Quadriceps","Glutes","Core","None","Advanced","Single-leg squat holding other leg"
"Dragon Squat","Single-leg squat variation","Bodyweight","Quadriceps","Glutes","Core","None","Advanced","Single-leg squat with leg behind"
"Cossack Squat","Lateral single-leg squat","Bodyweight","Quadriceps","Glutes","Adductors","None","Advanced","Deep lateral squat"
"Archer Squat","Single-leg focused squat","Bodyweight","Quadriceus","Glutes","Adductors","None","Advanced","Squat shifting weight to one leg"
"Shrimp Pistol Squat","Combined advanced squat","Bodyweight","Quadriceps","Glutes","Core","None","Advanced","Single-leg squat holding foot behind"
"Wall Handstand","Inverted hold against wall","Bodyweight","Shoulders","Core","None","Wall","Advanced","Hold handstand against wall"
"Freestanding Handstand","Inverted hold without support","Bodyweight","Shoulders","Core","Forearms","None","Advanced","Hold handstand without support"
"Crow Pose","Arm balancing pose","Bodyweight","Shoulders","Core","Triceps","None","Advanced","Balance on hands with knees on arms"
"Front Lever","Advanced pulling hold","Bodyweight","Lats","Core","Rear Delts","Pull-up Bar","Advanced","Hold body horizontal from bar"
"Back Lever","Advanced pushing hold","Bodyweight","Chest","Shoulders","Core","Rings","Advanced","Hold body horizontal behind rings"
"Human Flag","Lateral strength hold","Bodyweight","Core","Lats","Obliques","Vertical Pole","Advanced","Hold body horizontal on pole"
"Planche","Advanced pushing hold","Bodyweight","Shoulders","Triceps","Core","None","Advanced","Hold body horizontal on hands"